timeStamp,elapsed,label,responseCode,responseMessage,threadName,dataType,success,failureMessage,bytes,sentBytes,grpThreads,allThreads,Filename,Latency,IdleTime,Connect
1532538430527,16,HTTP Request,200,,loadTest 2-1,text,true,,3142,133,1,2,,16,0,0
1532538430566,17,HTTP Request,200,,loadTest 2-2,text,true,,3142,133,2,2,,17,0,0
1532538430567,16,HTTP Request,200,,loadTest 2-3,text,true,,3142,133,2,2,,16,0,0
1532538430587,15,HTTP Request,200,,loadTest 2-4,text,true,,3142,133,1,1,,15,0,0
1532538430607,12,HTTP Request,200,,loadTest 2-5,text,true,,3142,133,1,1,,12,0,0
1532538430628,11,HTTP Request,200,,loadTest 2-6,text,true,,3142,133,1,1,,11,0,0
1532538430648,11,HTTP Request,200,,loadTest 2-7,text,true,,3142,133,1,1,,11,0,0
1532538430668,11,HTTP Request,200,,loadTest 2-8,text,true,,3142,133,1,1,,11,0,0
1532538430688,11,HTTP Request,200,,loadTest 2-9,text,true,,3142,133,1,1,,11,0,0
1532538430709,11,HTTP Request,200,,loadTest 2-10,text,true,,3142,133,1,1,,11,0,0
1532538430729,11,HTTP Request,200,,loadTest 2-11,text,true,,3142,133,1,1,,11,0,1
1532538430749,11,HTTP Request,200,,loadTest 2-12,text,true,,3142,133,1,1,,11,0,1
1532538430771,12,HTTP Request,200,,loadTest 2-13,text,true,,3142,133,1,1,,12,0,1
1532538430794,11,HTTP Request,200,,loadTest 2-14,text,true,,3142,133,1,1,,11,0,0
1532538430816,11,HTTP Request,200,,loadTest 2-15,text,true,,3142,133,1,1,,11,0,1
1532538430836,11,HTTP Request,200,,loadTest 2-16,text,true,,3142,133,1,1,,11,0,1
1532538430856,11,HTTP Request,200,,loadTest 2-17,text,true,,3142,133,1,1,,11,0,1
1532538430877,10,HTTP Request,200,,loadTest 2-18,text,true,,3142,133,1,1,,10,0,0
1532538430897,10,HTTP Request,200,,loadTest 2-19,text,true,,3142,133,1,1,,10,0,0
1532538430917,11,HTTP Request,200,,loadTest 2-20,text,true,,3142,133,1,1,,11,0,0
1532538430936,11,HTTP Request,200,,loadTest 2-21,text,true,,3142,133,1,1,,11,0,1
1532538430956,14,HTTP Request,200,,loadTest 2-22,text,true,,3142,133,1,1,,14,0,0
1532538430977,11,HTTP Request,200,,loadTest 2-23,text,true,,3142,133,1,1,,11,0,1
1532538430998,13,HTTP Request,200,,loadTest 2-24,text,true,,3142,133,1,1,,13,0,1
1532538431018,12,HTTP Request,200,,loadTest 2-25,text,true,,3142,133,1,2,,12,0,1
1532538431039,11,HTTP Request,200,,loadTest 2-26,text,true,,3142,133,1,1,,11,0,0
1532538431059,10,HTTP Request,200,,loadTest 2-27,text,true,,3142,133,1,1,,10,0,0
1532538431080,12,HTTP Request,200,,loadTest 2-28,text,true,,3142,133,1,1,,12,0,0
1532538431120,11,HTTP Request,200,,loadTest 2-30,text,true,,3142,133,1,1,,11,0,0
1532538431143,10,HTTP Request,200,,loadTest 2-29,text,true,,3142,133,1,1,,10,0,0
1532538431170,23,HTTP Request,200,,loadTest 2-31,text,true,,3142,133,2,2,,23,0,1
1532538431189,23,HTTP Request,200,,loadTest 2-32,text,true,,3142,133,2,2,,23,0,0
1532538431209,23,HTTP Request,200,,loadTest 2-33,text,true,,3142,133,2,2,,23,0,0
1532538431229,23,HTTP Request,200,,loadTest 2-34,text,true,,3142,133,2,2,,23,0,0
1532538431249,17,HTTP Request,200,,loadTest 2-35,text,true,,3142,133,1,1,,17,0,0
1532538431269,15,HTTP Request,200,,loadTest 2-36,text,true,,3142,133,1,1,,15,0,1
1532538431288,11,HTTP Request,200,,loadTest 2-37,text,true,,3142,133,1,1,,11,0,0
1532538431308,11,HTTP Request,200,,loadTest 2-38,text,true,,3142,133,1,1,,11,0,0
1532538431328,11,HTTP Request,200,,loadTest 2-39,text,true,,3142,133,1,1,,11,0,0
1532538431348,11,HTTP Request,200,,loadTest 2-40,text,true,,3142,133,1,1,,11,0,1
1532538431369,11,HTTP Request,200,,loadTest 2-41,text,true,,3142,133,1,1,,11,0,0
1532538431389,11,HTTP Request,200,,loadTest 2-42,text,true,,3142,133,1,1,,11,0,0
1532538431409,18,HTTP Request,200,,loadTest 2-43,text,true,,3142,133,1,1,,18,0,0
1532538431429,10,HTTP Request,200,,loadTest 2-44,text,true,,3142,133,1,1,,10,0,0
1532538431448,13,HTTP Request,200,,loadTest 2-45,text,true,,3142,133,1,1,,13,0,1
1532538431468,11,HTTP Request,200,,loadTest 2-46,text,true,,3142,133,1,1,,11,0,1
1532538431488,13,HTTP Request,200,,loadTest 2-47,text,true,,3142,133,1,1,,13,0,1
1532538431509,10,HTTP Request,200,,loadTest 2-48,text,true,,3142,133,1,1,,10,0,0
1532538431528,12,HTTP Request,200,,loadTest 2-49,text,true,,3142,133,1,1,,12,0,1
1532538431549,11,HTTP Request,200,,loadTest 2-50,text,true,,3142,133,1,1,,11,0,0
1532538431569,11,HTTP Request,200,,loadTest 2-51,text,true,,3142,133,1,1,,11,0,0
1532538431589,11,HTTP Request,200,,loadTest 2-52,text,true,,3142,133,1,1,,11,0,0
1532538431609,11,HTTP Request,200,,loadTest 2-53,text,true,,3142,133,1,1,,11,0,0
1532538431629,11,HTTP Request,200,,loadTest 2-54,text,true,,3142,133,1,1,,11,0,0
1532538431649,11,HTTP Request,200,,loadTest 2-55,text,true,,3142,133,1,1,,11,0,0
1532538431669,12,HTTP Request,200,,loadTest 2-56,text,true,,3142,133,1,1,,12,0,1
1532538431690,11,HTTP Request,200,,loadTest 2-57,text,true,,3142,133,1,1,,11,0,0
1532538431709,11,HTTP Request,200,,loadTest 2-58,text,true,,3142,133,1,1,,11,0,1
1532538431729,11,HTTP Request,200,,loadTest 2-59,text,true,,3142,133,1,1,,11,0,0
1532538431749,11,HTTP Request,200,,loadTest 2-60,text,true,,3142,133,1,1,,11,0,0
1532538431769,11,HTTP Request,200,,loadTest 2-61,text,true,,3142,133,1,1,,11,0,1
1532538431789,11,HTTP Request,200,,loadTest 2-62,text,true,,3142,133,1,1,,11,0,1
1532538431809,11,HTTP Request,200,,loadTest 2-63,text,true,,3142,133,1,1,,11,0,1
1532538431829,11,HTTP Request,200,,loadTest 2-64,text,true,,3142,133,1,1,,11,0,1
1532538431849,11,HTTP Request,200,,loadTest 2-65,text,true,,3142,133,1,1,,11,0,0
1532538431869,11,HTTP Request,200,,loadTest 2-66,text,true,,3142,133,1,1,,11,0,0
1532538431889,11,HTTP Request,200,,loadTest 2-67,text,true,,3142,133,1,1,,11,0,0
1532538431909,11,HTTP Request,200,,loadTest 2-68,text,true,,3142,133,1,1,,11,0,0
1532538431929,11,HTTP Request,200,,loadTest 2-69,text,true,,3142,133,1,1,,11,0,1
1532538431950,11,HTTP Request,200,,loadTest 2-70,text,true,,3142,133,1,1,,11,0,0
1532538431968,11,HTTP Request,200,,loadTest 2-71,text,true,,3142,133,1,1,,11,0,1
1532538431989,10,HTTP Request,200,,loadTest 2-72,text,true,,3142,133,1,1,,10,0,0
1532538432009,10,HTTP Request,200,,loadTest 2-73,text,true,,3142,133,1,1,,10,0,0
1532538432028,11,HTTP Request,200,,loadTest 2-74,text,true,,3142,133,1,2,,11,0,0
1532538432048,11,HTTP Request,200,,loadTest 2-75,text,true,,3142,133,1,1,,11,0,1
1532538432068,12,HTTP Request,200,,loadTest 2-76,text,true,,3142,133,1,1,,12,0,1
1532538432089,11,HTTP Request,200,,loadTest 2-77,text,true,,3142,133,1,1,,11,0,0
1532538432108,11,HTTP Request,200,,loadTest 2-78,text,true,,3142,133,1,1,,11,0,1
1532538432128,11,HTTP Request,200,,loadTest 2-79,text,true,,3142,133,1,1,,11,0,1
1532538432149,10,HTTP Request,200,,loadTest 2-80,text,true,,3142,133,1,1,,10,0,0
1532538432169,11,HTTP Request,200,,loadTest 2-81,text,true,,3142,133,1,1,,11,0,0
1532538432189,11,HTTP Request,200,,loadTest 2-82,text,true,,3142,133,1,1,,11,0,0
1532538432208,15,HTTP Request,200,,loadTest 2-83,text,true,,3142,133,1,1,,15,0,0
1532538432228,41,HTTP Request,200,,loadTest 2-84,text,true,,3142,133,3,3,,41,0,0
1532538432248,25,HTTP Request,200,,loadTest 2-85,text,true,,3142,133,2,2,,25,0,0
1532538432268,16,HTTP Request,200,,loadTest 2-86,text,true,,3142,133,1,1,,16,0,0
1532538432288,13,HTTP Request,200,,loadTest 2-87,text,true,,3142,133,1,1,,13,0,0
1532538432309,10,HTTP Request,200,,loadTest 2-88,text,true,,3142,133,1,1,,10,0,0
1532538432328,11,HTTP Request,200,,loadTest 2-89,text,true,,3142,133,1,1,,11,0,0
1532538432348,11,HTTP Request,200,,loadTest 2-90,text,true,,3142,133,1,1,,11,0,1
1532538432368,11,HTTP Request,200,,loadTest 2-91,text,true,,3142,133,1,1,,11,0,0
1532538432388,11,HTTP Request,200,,loadTest 2-92,text,true,,3142,133,1,1,,11,0,0
1532538432409,11,HTTP Request,200,,loadTest 2-93,text,true,,3142,133,1,1,,11,0,0
1532538432428,11,HTTP Request,200,,loadTest 2-94,text,true,,3142,133,1,1,,11,0,0
1532538432448,11,HTTP Request,200,,loadTest 2-95,text,true,,3142,133,1,1,,11,0,0
1532538432468,11,HTTP Request,200,,loadTest 2-96,text,true,,3142,133,1,1,,11,0,0
1532538432488,11,HTTP Request,200,,loadTest 2-97,text,true,,3142,133,1,1,,11,0,0
1532538432508,11,HTTP Request,200,,loadTest 2-98,text,true,,3142,133,1,1,,11,0,0
1532538432528,11,HTTP Request,200,,loadTest 2-99,text,true,,3142,133,1,2,,11,0,0
1532538432548,11,HTTP Request,200,,loadTest 2-100,text,true,,3142,133,1,1,,11,0,0
1532538432568,11,HTTP Request,200,,loadTest 2-101,text,true,,3142,133,1,1,,11,0,0
1532538432588,11,HTTP Request,200,,loadTest 2-102,text,true,,3142,133,1,1,,11,0,0
1532538432607,11,HTTP Request,200,,loadTest 2-103,text,true,,3142,133,1,1,,11,0,0
1532538432627,11,HTTP Request,200,,loadTest 2-104,text,true,,3142,133,1,1,,11,0,0
1532538432646,11,HTTP Request,200,,loadTest 2-105,text,true,,3142,133,1,1,,11,0,0
1532538432666,11,HTTP Request,200,,loadTest 2-106,text,true,,3142,133,1,1,,11,0,0
1532538432687,11,HTTP Request,200,,loadTest 2-107,text,true,,3142,133,1,1,,11,0,0
1532538432706,11,HTTP Request,200,,loadTest 2-108,text,true,,3142,133,1,1,,11,0,0
1532538432726,11,HTTP Request,200,,loadTest 2-109,text,true,,3142,133,1,1,,11,0,1
1532538432747,11,HTTP Request,200,,loadTest 2-110,text,true,,3142,133,1,1,,11,0,0
1532538432767,11,HTTP Request,200,,loadTest 2-111,text,true,,3142,133,1,1,,11,0,0
1532538432787,11,HTTP Request,200,,loadTest 2-112,text,true,,3142,133,1,1,,11,0,0
1532538432807,11,HTTP Request,200,,loadTest 2-113,text,true,,3142,133,1,1,,11,0,0
1532538432827,11,HTTP Request,200,,loadTest 2-114,text,true,,3142,133,1,1,,11,0,0
1532538432846,11,HTTP Request,200,,loadTest 2-115,text,true,,3142,133,1,1,,11,0,0
1532538432867,11,HTTP Request,200,,loadTest 2-116,text,true,,3142,133,1,1,,11,0,0
1532538432887,11,HTTP Request,200,,loadTest 2-117,text,true,,3142,133,1,1,,11,0,0
1532538432907,11,HTTP Request,200,,loadTest 2-118,text,true,,3142,133,1,1,,11,0,0
1532538432927,11,HTTP Request,200,,loadTest 2-119,text,true,,3142,133,1,1,,11,0,0
1532538432946,11,HTTP Request,200,,loadTest 2-120,text,true,,3142,133,1,1,,11,0,0
1532538432967,11,HTTP Request,200,,loadTest 2-121,text,true,,3142,133,1,1,,11,0,0
1532538432986,11,HTTP Request,200,,loadTest 2-122,text,true,,3142,133,1,1,,11,0,1
1532538433006,11,HTTP Request,200,,loadTest 2-123,text,true,,3142,133,1,1,,11,0,1
1532538433026,12,HTTP Request,200,,loadTest 2-124,text,true,,3142,133,1,2,,12,0,0
1532538433046,11,HTTP Request,200,,loadTest 2-125,text,true,,3142,133,1,1,,11,0,0
1532538433066,11,HTTP Request,200,,loadTest 2-126,text,true,,3142,133,1,1,,11,0,1
1532538433086,11,HTTP Request,200,,loadTest 2-127,text,true,,3142,133,1,1,,11,0,1
1532538433107,11,HTTP Request,200,,loadTest 2-128,text,true,,3142,133,1,1,,11,0,0
1532538433126,12,HTTP Request,200,,loadTest 2-129,text,true,,3142,133,1,1,,12,0,1
1532538433146,11,HTTP Request,200,,loadTest 2-130,text,true,,3142,133,1,1,,11,0,0
1532538433165,11,HTTP Request,200,,loadTest 2-131,text,true,,3142,133,1,1,,11,0,1
1532538433185,12,HTTP Request,200,,loadTest 2-132,text,true,,3142,133,1,1,,12,0,1
1532538433205,12,HTTP Request,200,,loadTest 2-133,text,true,,3142,133,1,1,,12,0,1
1532538433225,11,HTTP Request,200,,loadTest 2-134,text,true,,3142,133,1,1,,11,0,1
1532538433245,11,HTTP Request,200,,loadTest 2-135,text,true,,3142,133,1,1,,11,0,1
1532538433266,11,HTTP Request,200,,loadTest 2-136,text,true,,3142,133,1,1,,11,0,0
1532538433286,11,HTTP Request,200,,loadTest 2-137,text,true,,3142,133,1,1,,11,0,0
1532538433306,11,HTTP Request,200,,loadTest 2-138,text,true,,3142,133,1,1,,11,0,0
1532538433326,11,HTTP Request,200,,loadTest 2-139,text,true,,3142,133,1,1,,11,0,0
1532538433346,11,HTTP Request,200,,loadTest 2-140,text,true,,3142,133,1,1,,11,0,0
1532538433366,11,HTTP Request,200,,loadTest 2-141,text,true,,3142,133,1,1,,11,0,0
1532538433386,11,HTTP Request,200,,loadTest 2-142,text,true,,3142,133,1,1,,11,0,0
1532538433406,11,HTTP Request,200,,loadTest 2-143,text,true,,3142,133,1,1,,11,0,0
1532538433426,11,HTTP Request,200,,loadTest 2-144,text,true,,3142,133,1,1,,11,0,0
1532538433446,11,HTTP Request,200,,loadTest 2-145,text,true,,3142,133,1,1,,11,0,0
1532538433466,12,HTTP Request,200,,loadTest 2-146,text,true,,3142,133,1,1,,12,0,1
1532538433485,12,HTTP Request,200,,loadTest 2-147,text,true,,3142,133,1,1,,12,0,1
1532538433505,12,HTTP Request,200,,loadTest 2-148,text,true,,3142,133,1,1,,12,0,0
1532538433525,16,HTTP Request,200,,loadTest 2-149,text,true,,3142,133,1,1,,16,0,1
1532538433545,12,HTTP Request,200,,loadTest 2-150,text,true,,3142,133,1,1,,12,0,1
1532538433565,12,HTTP Request,200,,loadTest 2-151,text,true,,3142,133,1,1,,12,0,1
1532538433585,12,HTTP Request,200,,loadTest 2-152,text,true,,3142,133,1,1,,12,0,1
1532538433605,12,HTTP Request,200,,loadTest 2-153,text,true,,3142,133,1,1,,12,0,1
1532538433625,11,HTTP Request,200,,loadTest 2-154,text,true,,3142,133,1,1,,11,0,1
1532538433645,11,HTTP Request,200,,loadTest 2-155,text,true,,3142,133,1,1,,11,0,1
1532538433666,11,HTTP Request,200,,loadTest 2-156,text,true,,3142,133,1,1,,10,0,0
1532538433686,10,HTTP Request,200,,loadTest 2-157,text,true,,3142,133,1,1,,10,0,0
1532538433706,11,HTTP Request,200,,loadTest 2-158,text,true,,3142,133,1,1,,11,0,0
1532538433726,11,HTTP Request,200,,loadTest 2-159,text,true,,3142,133,1,1,,11,0,0
1532538433746,11,HTTP Request,200,,loadTest 2-160,text,true,,3142,133,1,1,,11,0,0
1532538433766,11,HTTP Request,200,,loadTest 2-161,text,true,,3142,133,1,1,,11,0,0
1532538433786,11,HTTP Request,200,,loadTest 2-162,text,true,,3142,133,1,1,,11,0,0
1532538433806,11,HTTP Request,200,,loadTest 2-163,text,true,,3142,133,1,1,,11,0,0
1532538433826,11,HTTP Request,200,,loadTest 2-164,text,true,,3142,133,1,1,,11,0,0
1532538433846,11,HTTP Request,200,,loadTest 2-165,text,true,,3142,133,1,1,,11,0,0
1532538433866,11,HTTP Request,200,,loadTest 2-166,text,true,,3142,133,1,1,,11,0,0
1532538433885,11,HTTP Request,200,,loadTest 2-167,text,true,,3142,133,1,1,,11,0,0
1532538433905,12,HTTP Request,200,,loadTest 2-168,text,true,,3142,133,1,1,,12,0,0
1532538433925,12,HTTP Request,200,,loadTest 2-169,text,true,,3142,133,1,1,,12,0,1
1532538433944,11,HTTP Request,200,,loadTest 2-170,text,true,,3142,133,1,1,,11,0,1
1532538433965,11,HTTP Request,200,,loadTest 2-171,text,true,,3142,133,1,1,,11,0,0
1532538433984,12,HTTP Request,200,,loadTest 2-172,text,true,,3142,133,1,1,,12,0,1
1532538434004,12,HTTP Request,200,,loadTest 2-173,text,true,,3142,133,1,1,,12,0,1
1532538434025,12,HTTP Request,200,,loadTest 2-174,text,true,,3142,133,1,2,,12,0,0
1532538434046,15,HTTP Request,200,,loadTest 2-175,text,true,,3142,133,1,1,,15,0,1
1532538434066,12,HTTP Request,200,,loadTest 2-176,text,true,,3142,133,1,1,,12,0,1
1532538434365,220,HTTP Request,200,,loadTest 2-191,text,true,,3142,133,26,27,,220,0,1
1532538434305,283,HTTP Request,200,,loadTest 2-188,text,true,,3142,133,25,26,,283,0,0
1532538434105,485,HTTP Request,200,,loadTest 2-178,text,true,,3142,133,24,25,,485,0,0
1532538434085,509,HTTP Request,200,,loadTest 2-177,text,true,,3142,133,23,24,,509,0,0
1532538434145,451,HTTP Request,200,,loadTest 2-180,text,true,,3142,133,22,23,,451,0,0
1532538434205,392,HTTP Request,200,,loadTest 2-183,text,true,,3142,133,22,23,,392,0,0
1532538434125,474,HTTP Request,200,,loadTest 2-179,text,true,,3142,133,20,21,,474,0,0
1532538434485,114,HTTP Request,200,,loadTest 2-197,text,true,,3142,133,20,21,,114,0,1
1532538434504,102,HTTP Request,200,,loadTest 2-198,text,true,,3142,133,19,20,,102,0,0
1532538434345,263,HTTP Request,200,,loadTest 2-190,text,true,,3142,133,18,19,,263,0,0
1532538434445,165,HTTP Request,200,,loadTest 2-195,text,true,,3142,133,17,18,,165,0,0
1532538434603,12,HTTP Request,200,,loadTest 2-203,text,true,,3142,133,16,17,,12,0,0
1532538434285,330,HTTP Request,200,,loadTest 2-187,text,true,,3142,133,16,17,,330,0,1
1532538434225,393,HTTP Request,200,,loadTest 2-184,text,true,,3142,133,14,15,,393,0,0
1532538434425,198,HTTP Request,200,,loadTest 2-194,text,true,,3142,133,13,14,,198,0,1
1532538434385,240,HTTP Request,200,,loadTest 2-192,text,true,,3142,133,13,14,,240,0,1
1532538434185,440,HTTP Request,200,,loadTest 2-182,text,true,,3142,133,12,13,,440,0,0
1532538434245,380,HTTP Request,200,,loadTest 2-185,text,true,,3142,133,12,13,,380,0,0
1532538434325,301,HTTP Request,200,,loadTest 2-189,text,true,,3142,133,10,11,,301,0,1
1532538434405,227,HTTP Request,200,,loadTest 2-193,text,true,,3142,133,9,10,,227,0,0
1532538434164,470,HTTP Request,200,,loadTest 2-181,text,true,,3142,133,8,9,,470,0,1
1532538434623,14,HTTP Request,200,,loadTest 2-204,text,true,,3142,133,7,8,,14,0,0
1532538434544,93,HTTP Request,200,,loadTest 2-200,text,true,,3142,133,7,8,,93,0,1
1532538434465,178,HTTP Request,200,,loadTest 2-196,text,true,,3142,133,6,7,,178,0,1
1532538434265,379,HTTP Request,200,,loadTest 2-186,text,true,,3142,133,5,5,,379,0,1
1532538434524,125,HTTP Request,200,,loadTest 2-199,text,true,,3142,133,4,4,,125,0,1
1532538434564,88,HTTP Request,200,,loadTest 2-201,text,true,,3142,133,3,3,,88,0,0
1532538434583,72,HTTP Request,200,,loadTest 2-202,text,true,,3142,133,2,2,,72,0,0
1532538434643,15,HTTP Request,200,,loadTest 2-205,text,true,,3142,133,1,1,,15,0,1
1532538434663,11,HTTP Request,200,,loadTest 2-206,text,true,,3142,133,1,1,,11,0,1
1532538434683,11,HTTP Request,200,,loadTest 2-207,text,true,,3142,133,1,1,,11,0,1
1532538434703,11,HTTP Request,200,,loadTest 2-208,text,true,,3142,133,1,1,,11,0,1
1532538434723,11,HTTP Request,200,,loadTest 2-209,text,true,,3142,133,1,1,,11,0,0
1532538434743,11,HTTP Request,200,,loadTest 2-210,text,true,,3142,133,1,1,,11,0,0
1532538434763,11,HTTP Request,200,,loadTest 2-211,text,true,,3142,133,1,1,,11,0,0
1532538434783,11,HTTP Request,200,,loadTest 2-212,text,true,,3142,133,1,1,,11,0,0
1532538434803,11,HTTP Request,200,,loadTest 2-213,text,true,,3142,133,1,1,,11,0,1
1532538434823,11,HTTP Request,200,,loadTest 2-214,text,true,,3142,133,1,1,,11,0,1
1532538434843,12,HTTP Request,200,,loadTest 2-215,text,true,,3142,133,1,1,,12,0,1
1532538434864,11,HTTP Request,200,,loadTest 2-216,text,true,,3142,133,1,1,,11,0,0
1532538434884,11,HTTP Request,200,,loadTest 2-217,text,true,,3142,133,1,1,,11,0,0
1532538434904,10,HTTP Request,200,,loadTest 2-218,text,true,,3142,133,1,1,,10,0,0
1532538434924,11,HTTP Request,200,,loadTest 2-219,text,true,,3142,133,1,1,,11,0,0
1532538434944,11,HTTP Request,200,,loadTest 2-220,text,true,,3142,133,1,1,,11,0,0
1532538434963,11,HTTP Request,200,,loadTest 2-221,text,true,,3142,133,1,1,,11,0,0
1532538434983,11,HTTP Request,200,,loadTest 2-222,text,true,,3142,133,1,1,,11,0,0
1532538435003,12,HTTP Request,200,,loadTest 2-223,text,true,,3142,133,1,1,,12,0,1
1532538435023,12,HTTP Request,200,,loadTest 2-224,text,true,,3142,133,1,2,,12,0,1
1532538435044,12,HTTP Request,200,,loadTest 2-225,text,true,,3142,133,1,1,,12,0,0
1532538435063,11,HTTP Request,200,,loadTest 2-226,text,true,,3142,133,1,1,,11,0,0
1532538435083,12,HTTP Request,200,,loadTest 2-227,text,true,,3142,133,1,1,,12,0,1
1532538435103,12,HTTP Request,200,,loadTest 2-228,text,true,,3142,133,1,1,,12,0,1
1532538435123,11,HTTP Request,200,,loadTest 2-229,text,true,,3142,133,1,1,,11,0,0
1532538435143,11,HTTP Request,200,,loadTest 2-230,text,true,,3142,133,1,1,,11,0,1
1532538435163,12,HTTP Request,200,,loadTest 2-231,text,true,,3142,133,1,1,,12,0,1
1532538435184,21,HTTP Request,200,,loadTest 2-232,text,true,,3142,133,2,2,,21,0,0
1532538435204,18,HTTP Request,200,,loadTest 2-233,text,true,,3142,133,1,1,,18,0,0
1532538435224,14,HTTP Request,200,,loadTest 2-234,text,true,,3142,133,1,1,,14,0,0
1532538435244,15,HTTP Request,200,,loadTest 2-235,text,true,,3142,133,1,1,,14,0,0
1532538435262,14,HTTP Request,200,,loadTest 2-236,text,true,,3142,133,1,1,,14,0,0
1532538435282,11,HTTP Request,200,,loadTest 2-237,text,true,,3142,133,1,1,,11,0,0
1532538435303,11,HTTP Request,200,,loadTest 2-238,text,true,,3142,133,1,1,,11,0,0
1532538435323,11,HTTP Request,200,,loadTest 2-239,text,true,,3142,133,1,1,,11,0,0
1532538435343,11,HTTP Request,200,,loadTest 2-240,text,true,,3142,133,1,1,,11,0,0
1532538435362,11,HTTP Request,200,,loadTest 2-241,text,true,,3142,133,1,1,,11,0,0
1532538435382,11,HTTP Request,200,,loadTest 2-242,text,true,,3142,133,1,1,,11,0,0
1532538435402,12,HTTP Request,200,,loadTest 2-243,text,true,,3142,133,1,1,,12,0,1
1532538435422,11,HTTP Request,200,,loadTest 2-244,text,true,,3142,133,1,1,,11,0,1
1532538435443,10,HTTP Request,200,,loadTest 2-245,text,true,,3142,133,1,1,,10,0,0
1532538435462,11,HTTP Request,200,,loadTest 2-246,text,true,,3142,133,1,1,,11,0,0
1532538435483,12,HTTP Request,200,,loadTest 2-247,text,true,,3142,133,1,1,,12,0,0
1532538435502,11,HTTP Request,200,,loadTest 2-248,text,true,,3142,133,1,1,,11,0,0
1532538435522,11,HTTP Request,200,,loadTest 2-249,text,true,,3142,133,1,1,,11,0,0
1532538435542,11,HTTP Request,200,,loadTest 2-250,text,true,,3142,133,1,1,,11,0,1
1532538435563,11,HTTP Request,200,,loadTest 2-251,text,true,,3142,133,1,1,,11,0,0
1532538435583,12,HTTP Request,200,,loadTest 2-252,text,true,,3142,133,1,1,,12,0,0
1532538435603,11,HTTP Request,200,,loadTest 2-253,text,true,,3142,133,1,1,,11,0,0
1532538435623,11,HTTP Request,200,,loadTest 2-254,text,true,,3142,133,1,1,,11,0,0
1532538435643,11,HTTP Request,200,,loadTest 2-255,text,true,,3142,133,1,1,,11,0,1
1532538435664,11,HTTP Request,200,,loadTest 2-256,text,true,,3142,133,1,1,,11,0,0
1532538435683,12,HTTP Request,200,,loadTest 2-257,text,true,,3142,133,1,1,,12,0,1
1532538435703,11,HTTP Request,200,,loadTest 2-258,text,true,,3142,133,1,1,,11,0,0
1532538435724,11,HTTP Request,200,,loadTest 2-259,text,true,,3142,133,1,1,,11,0,0
1532538435743,11,HTTP Request,200,,loadTest 2-260,text,true,,3142,133,1,1,,11,0,0
1532538435763,10,HTTP Request,200,,loadTest 2-261,text,true,,3142,133,1,1,,10,0,0
1532538435783,11,HTTP Request,200,,loadTest 2-262,text,true,,3142,133,1,1,,11,0,0
1532538435803,11,HTTP Request,200,,loadTest 2-263,text,true,,3142,133,1,1,,11,0,0
1532538435823,11,HTTP Request,200,,loadTest 2-264,text,true,,3142,133,1,1,,11,0,0
1532538435843,20,HTTP Request,200,,loadTest 2-265,text,true,,3142,133,1,1,,20,0,0
1532538435863,18,HTTP Request,200,,loadTest 2-266,text,true,,3142,133,1,1,,18,0,0
1532538435883,14,HTTP Request,200,,loadTest 2-267,text,true,,3142,133,1,1,,14,0,0
1532538435903,14,HTTP Request,200,,loadTest 2-268,text,true,,3142,133,1,1,,14,0,1
1532538435923,13,HTTP Request,200,,loadTest 2-269,text,true,,3142,133,1,1,,13,0,0
1532538435943,10,HTTP Request,200,,loadTest 2-270,text,true,,3142,133,1,1,,10,0,0
1532538435964,11,HTTP Request,200,,loadTest 2-271,text,true,,3142,133,1,1,,11,0,0
1532538435983,11,HTTP Request,200,,loadTest 2-272,text,true,,3142,133,1,1,,11,0,0
1532538436003,12,HTTP Request,200,,loadTest 2-273,text,true,,3142,133,1,1,,12,0,1
1532538436022,11,HTTP Request,200,,loadTest 2-274,text,true,,3142,133,1,1,,11,0,1
1532538436043,11,HTTP Request,200,,loadTest 2-275,text,true,,3142,133,1,1,,11,0,0
1532538436062,12,HTTP Request,200,,loadTest 2-276,text,true,,3142,133,1,1,,12,0,1
1532538436082,11,HTTP Request,200,,loadTest 2-277,text,true,,3142,133,1,1,,11,0,1
1532538436103,11,HTTP Request,200,,loadTest 2-278,text,true,,3142,133,1,1,,11,0,0
1532538436123,11,HTTP Request,200,,loadTest 2-279,text,true,,3142,133,1,1,,11,0,0
1532538436142,11,HTTP Request,200,,loadTest 2-280,text,true,,3142,133,1,1,,11,0,0
1532538436162,11,HTTP Request,200,,loadTest 2-281,text,true,,3142,133,1,1,,11,0,0
1532538436182,11,HTTP Request,200,,loadTest 2-282,text,true,,3142,133,1,1,,11,0,0
1532538436202,11,HTTP Request,200,,loadTest 2-283,text,true,,3142,133,1,1,,11,0,0
1532538436222,11,HTTP Request,200,,loadTest 2-284,text,true,,3142,133,1,1,,11,0,0
1532538436242,11,HTTP Request,200,,loadTest 2-285,text,true,,3142,133,1,1,,11,0,0
1532538436262,11,HTTP Request,200,,loadTest 2-286,text,true,,3142,133,1,1,,11,0,0
1532538436282,11,HTTP Request,200,,loadTest 2-287,text,true,,3142,133,1,1,,11,0,0
1532538436302,11,HTTP Request,200,,loadTest 2-288,text,true,,3142,133,1,1,,11,0,0
1532538436322,11,HTTP Request,200,,loadTest 2-289,text,true,,3142,133,1,1,,11,0,0
1532538436342,11,HTTP Request,200,,loadTest 2-290,text,true,,3142,133,1,1,,11,0,0
1532538436362,11,HTTP Request,200,,loadTest 2-291,text,true,,3142,133,1,1,,11,0,0
1532538436382,11,HTTP Request,200,,loadTest 2-292,text,true,,3142,133,1,1,,11,0,0
1532538436402,11,HTTP Request,200,,loadTest 2-293,text,true,,3142,133,1,1,,11,0,0
1532538436422,11,HTTP Request,200,,loadTest 2-294,text,true,,3142,133,1,1,,11,0,0
1532538436442,11,HTTP Request,200,,loadTest 2-295,text,true,,3142,133,1,1,,11,0,1
1532538436462,12,HTTP Request,200,,loadTest 2-296,text,true,,3142,133,1,1,,11,0,1
1532538436482,11,HTTP Request,200,,loadTest 2-297,text,true,,3142,133,1,1,,11,0,0
1532538436502,11,HTTP Request,200,,loadTest 2-298,text,true,,3142,133,1,1,,11,0,0
1532538436522,11,HTTP Request,200,,loadTest 2-299,text,true,,3142,133,1,1,,11,0,0
1532538436542,11,HTTP Request,200,,loadTest 2-300,text,true,,3142,133,1,1,,11,0,0
1532538436562,11,HTTP Request,200,,loadTest 2-301,text,true,,3142,133,1,1,,11,0,0
1532538436582,12,HTTP Request,200,,loadTest 2-302,text,true,,3142,133,1,1,,12,0,0
1532538436602,11,HTTP Request,200,,loadTest 2-303,text,true,,3142,133,1,1,,11,0,0
1532538436622,11,HTTP Request,200,,loadTest 2-304,text,true,,3142,133,1,1,,11,0,0
1532538436642,11,HTTP Request,200,,loadTest 2-305,text,true,,3142,133,1,1,,11,0,0
1532538436662,12,HTTP Request,200,,loadTest 2-306,text,true,,3142,133,1,1,,12,0,1
1532538436683,11,HTTP Request,200,,loadTest 2-307,text,true,,3142,133,1,1,,11,0,0
1532538436702,11,HTTP Request,200,,loadTest 2-308,text,true,,3142,133,1,1,,11,0,0
1532538436722,11,HTTP Request,200,,loadTest 2-309,text,true,,3142,133,1,1,,11,0,0
1532538436741,11,HTTP Request,200,,loadTest 2-310,text,true,,3142,133,1,1,,11,0,0
1532538436761,11,HTTP Request,200,,loadTest 2-311,text,true,,3142,133,1,1,,11,0,0
1532538436781,11,HTTP Request,200,,loadTest 2-312,text,true,,3142,133,1,1,,11,0,0
1532538436801,11,HTTP Request,200,,loadTest 2-313,text,true,,3142,133,1,1,,11,0,0
1532538436821,11,HTTP Request,200,,loadTest 2-314,text,true,,3142,133,1,1,,11,0,0
1532538436841,11,HTTP Request,200,,loadTest 2-315,text,true,,3142,133,1,1,,11,0,0
1532538436861,11,HTTP Request,200,,loadTest 2-316,text,true,,3142,133,1,1,,11,0,1
1532538436881,11,HTTP Request,200,,loadTest 2-317,text,true,,3142,133,1,1,,11,0,0
1532538436901,11,HTTP Request,200,,loadTest 2-318,text,true,,3142,133,1,1,,11,0,0
1532538436921,11,HTTP Request,200,,loadTest 2-319,text,true,,3142,133,1,1,,11,0,1
1532538436941,11,HTTP Request,200,,loadTest 2-320,text,true,,3142,133,1,1,,11,0,1
1532538436962,11,HTTP Request,200,,loadTest 2-321,text,true,,3142,133,1,1,,11,0,0
1532538436981,11,HTTP Request,200,,loadTest 2-322,text,true,,3142,133,1,1,,11,0,0
1532538437001,11,HTTP Request,200,,loadTest 2-323,text,true,,3142,133,1,1,,11,0,0
1532538437021,11,HTTP Request,200,,loadTest 2-324,text,true,,3142,133,1,1,,11,0,0
1532538437041,11,HTTP Request,200,,loadTest 2-325,text,true,,3142,133,1,1,,11,0,0
1532538437061,11,HTTP Request,200,,loadTest 2-326,text,true,,3142,133,1,1,,11,0,0
1532538437081,11,HTTP Request,200,,loadTest 2-327,text,true,,3142,133,1,1,,11,0,0
1532538437101,11,HTTP Request,200,,loadTest 2-328,text,true,,3142,133,1,1,,11,0,1
1532538437122,11,HTTP Request,200,,loadTest 2-329,text,true,,3142,133,1,1,,11,0,0
1532538437141,11,HTTP Request,200,,loadTest 2-330,text,true,,3142,133,1,1,,11,0,1
1532538437161,11,HTTP Request,200,,loadTest 2-331,text,true,,3142,133,1,1,,11,0,0
1532538437181,11,HTTP Request,200,,loadTest 2-332,text,true,,3142,133,1,1,,11,0,0
1532538437201,11,HTTP Request,200,,loadTest 2-333,text,true,,3142,133,1,1,,11,0,0
1532538437221,11,HTTP Request,200,,loadTest 2-334,text,true,,3142,133,1,1,,11,0,0
1532538437241,11,HTTP Request,200,,loadTest 2-335,text,true,,3142,133,1,1,,11,0,0
1532538437261,11,HTTP Request,200,,loadTest 2-336,text,true,,3142,133,1,1,,11,0,1
1532538437281,11,HTTP Request,200,,loadTest 2-337,text,true,,3142,133,1,1,,11,0,0
1532538437301,12,HTTP Request,200,,loadTest 2-338,text,true,,3142,133,1,1,,12,0,1
1532538437321,12,HTTP Request,200,,loadTest 2-339,text,true,,3142,133,1,1,,12,0,1
1532538437342,11,HTTP Request,200,,loadTest 2-340,text,true,,3142,133,1,1,,11,0,0
1532538437361,11,HTTP Request,200,,loadTest 2-341,text,true,,3142,133,1,1,,11,0,1
1532538437381,12,HTTP Request,200,,loadTest 2-342,text,true,,3142,133,1,1,,12,0,1
1532538437400,12,HTTP Request,200,,loadTest 2-343,text,true,,3142,133,1,1,,12,0,1
1532538437421,11,HTTP Request,200,,loadTest 2-344,text,true,,3142,133,1,1,,11,0,0
1532538437441,10,HTTP Request,200,,loadTest 2-345,text,true,,3142,133,1,1,,10,0,0
1532538437460,11,HTTP Request,200,,loadTest 2-346,text,true,,3142,133,1,1,,11,0,0
1532538437480,11,HTTP Request,200,,loadTest 2-347,text,true,,3142,133,1,1,,11,0,0
1532538437500,11,HTTP Request,200,,loadTest 2-348,text,true,,3142,133,1,1,,11,0,0
1532538437520,11,HTTP Request,200,,loadTest 2-349,text,true,,3142,133,1,1,,11,0,0
1532538437540,11,HTTP Request,200,,loadTest 2-350,text,true,,3142,133,1,1,,11,0,0
1532538437560,11,HTTP Request,200,,loadTest 2-351,text,true,,3142,133,1,1,,11,0,0
1532538437579,12,HTTP Request,200,,loadTest 2-352,text,true,,3142,133,1,1,,12,0,0
1532538437599,12,HTTP Request,200,,loadTest 2-353,text,true,,3142,133,1,1,,12,0,1
1532538437619,12,HTTP Request,200,,loadTest 2-354,text,true,,3142,133,1,1,,12,0,1
1532538437639,11,HTTP Request,200,,loadTest 2-355,text,true,,3142,133,1,1,,11,0,1
1532538437659,11,HTTP Request,200,,loadTest 2-356,text,true,,3142,133,1,1,,11,0,0
1532538437679,11,HTTP Request,200,,loadTest 2-357,text,true,,3142,133,1,1,,11,0,0
1532538437699,11,HTTP Request,200,,loadTest 2-358,text,true,,3142,133,1,1,,11,0,1
1532538437719,11,HTTP Request,200,,loadTest 2-359,text,true,,3142,133,1,1,,11,0,0
1532538437739,11,HTTP Request,200,,loadTest 2-360,text,true,,3142,133,1,1,,11,0,0
1532538437759,11,HTTP Request,200,,loadTest 2-361,text,true,,3142,133,1,1,,11,0,1
1532538437780,11,HTTP Request,200,,loadTest 2-362,text,true,,3142,133,1,1,,11,0,0
1532538437800,11,HTTP Request,200,,loadTest 2-363,text,true,,3142,133,1,1,,11,0,0
1532538437820,11,HTTP Request,200,,loadTest 2-364,text,true,,3142,133,1,1,,11,0,0
1532538437839,14,HTTP Request,200,,loadTest 2-365,text,true,,3142,133,1,1,,14,0,1
1532538437860,11,HTTP Request,200,,loadTest 2-366,text,true,,3142,133,1,1,,11,0,0
1532538437880,11,HTTP Request,200,,loadTest 2-367,text,true,,3142,133,1,1,,11,0,0
1532538437899,21,HTTP Request,200,,loadTest 2-368,text,true,,3142,133,2,2,,21,0,1
1532538437919,11,HTTP Request,200,,loadTest 2-369,text,true,,3142,133,1,1,,11,0,1
1532538437940,11,HTTP Request,200,,loadTest 2-370,text,true,,3142,133,1,1,,11,0,0
1532538437959,11,HTTP Request,200,,loadTest 2-371,text,true,,3142,133,1,1,,11,0,0
1532538437979,11,HTTP Request,200,,loadTest 2-372,text,true,,3142,133,1,1,,11,0,1
1532538437999,11,HTTP Request,200,,loadTest 2-373,text,true,,3142,133,1,1,,11,0,0
1532538438020,11,HTTP Request,200,,loadTest 2-374,text,true,,3142,133,1,1,,11,0,0
1532538438040,11,HTTP Request,200,,loadTest 2-375,text,true,,3142,133,1,1,,11,0,0
1532538438060,11,HTTP Request,200,,loadTest 2-376,text,true,,3142,133,1,1,,11,0,0
1532538438080,11,HTTP Request,200,,loadTest 2-377,text,true,,3142,133,1,1,,11,0,0
1532538438100,11,HTTP Request,200,,loadTest 2-378,text,true,,3142,133,1,1,,11,0,0
1532538438119,12,HTTP Request,200,,loadTest 2-379,text,true,,3142,133,1,1,,12,0,0
1532538438139,11,HTTP Request,200,,loadTest 2-380,text,true,,3142,133,1,1,,11,0,0
1532538438159,11,HTTP Request,200,,loadTest 2-381,text,true,,3142,133,1,1,,11,0,0
1532538438180,11,HTTP Request,200,,loadTest 2-382,text,true,,3142,133,1,1,,11,0,0
1532538438200,11,HTTP Request,200,,loadTest 2-383,text,true,,3142,133,1,1,,11,0,0
1532538438220,11,HTTP Request,200,,loadTest 2-384,text,true,,3142,133,1,1,,11,0,0
1532538438240,11,HTTP Request,200,,loadTest 2-385,text,true,,3142,133,1,1,,11,0,0
1532538438260,11,HTTP Request,200,,loadTest 2-386,text,true,,3142,133,1,1,,11,0,0
1532538438280,11,HTTP Request,200,,loadTest 2-387,text,true,,3142,133,1,1,,11,0,0
1532538438300,11,HTTP Request,200,,loadTest 2-388,text,true,,3142,133,1,1,,11,0,0
1532538438319,11,HTTP Request,200,,loadTest 2-389,text,true,,3142,133,1,1,,11,0,0
1532538438338,12,HTTP Request,200,,loadTest 2-390,text,true,,3142,133,1,1,,12,0,1
1532538438358,11,HTTP Request,200,,loadTest 2-391,text,true,,3142,133,1,1,,11,0,1
1532538438379,11,HTTP Request,200,,loadTest 2-392,text,true,,3142,133,1,1,,11,0,0
1532538438398,12,HTTP Request,200,,loadTest 2-393,text,true,,3142,133,1,1,,12,0,0
1532538438418,11,HTTP Request,200,,loadTest 2-394,text,true,,3142,133,1,1,,11,0,0
1532538438438,11,HTTP Request,200,,loadTest 2-395,text,true,,3142,133,1,1,,11,0,0
1532538438458,11,HTTP Request,200,,loadTest 2-396,text,true,,3142,133,1,1,,11,0,1
1532538438479,11,HTTP Request,200,,loadTest 2-397,text,true,,3142,133,1,1,,11,0,0
1532538438499,11,HTTP Request,200,,loadTest 2-398,text,true,,3142,133,1,1,,11,0,0
1532538438519,11,HTTP Request,200,,loadTest 2-399,text,true,,3142,133,1,1,,11,0,0
1532538438539,11,HTTP Request,200,,loadTest 2-400,text,true,,3142,133,1,1,,11,0,0
1532538438558,12,HTTP Request,200,,loadTest 2-401,text,true,,3142,133,1,1,,12,0,0
1532538438578,11,HTTP Request,200,,loadTest 2-402,text,true,,3142,133,1,1,,11,0,0
1532538438598,12,HTTP Request,200,,loadTest 2-403,text,true,,3142,133,1,1,,12,0,0
1532538438618,11,HTTP Request,200,,loadTest 2-404,text,true,,3142,133,1,1,,11,0,1
1532538438638,11,HTTP Request,200,,loadTest 2-405,text,true,,3142,133,1,1,,11,0,1
1532538438658,11,HTTP Request,200,,loadTest 2-406,text,true,,3142,133,1,1,,11,0,1
1532538438678,12,HTTP Request,200,,loadTest 2-407,text,true,,3142,133,1,1,,12,0,1
1532538438698,12,HTTP Request,200,,loadTest 2-408,text,true,,3142,133,1,1,,12,0,1
1532538438719,11,HTTP Request,200,,loadTest 2-409,text,true,,3142,133,1,1,,11,0,0
1532538438739,11,HTTP Request,200,,loadTest 2-410,text,true,,3142,133,1,1,,11,0,0
1532538438758,11,HTTP Request,200,,loadTest 2-411,text,true,,3142,133,1,1,,11,0,0
1532538438778,11,HTTP Request,200,,loadTest 2-412,text,true,,3142,133,1,1,,11,0,0
1532538438798,11,HTTP Request,200,,loadTest 2-413,text,true,,3142,133,1,1,,11,0,0
1532538438819,11,HTTP Request,200,,loadTest 2-414,text,true,,3142,133,1,1,,11,0,0
1532538438839,11,HTTP Request,200,,loadTest 2-415,text,true,,3142,133,1,1,,11,0,0
1532538438859,11,HTTP Request,200,,loadTest 2-416,text,true,,3142,133,1,1,,11,0,0
1532538438878,12,HTTP Request,200,,loadTest 2-417,text,true,,3142,133,1,1,,12,0,1
1532538438899,11,HTTP Request,200,,loadTest 2-418,text,true,,3142,133,1,1,,11,0,0
1532538438919,11,HTTP Request,200,,loadTest 2-419,text,true,,3142,133,1,1,,11,0,0
1532538438939,11,HTTP Request,200,,loadTest 2-420,text,true,,3142,133,1,1,,11,0,0
1532538438959,11,HTTP Request,200,,loadTest 2-421,text,true,,3142,133,1,1,,11,0,0
1532538438979,11,HTTP Request,200,,loadTest 2-422,text,true,,3142,133,1,1,,11,0,0
1532538438999,11,HTTP Request,200,,loadTest 2-423,text,true,,3142,133,1,1,,11,0,0
1532538439019,11,HTTP Request,200,,loadTest 2-424,text,true,,3142,133,1,1,,11,0,0
1532538439039,11,HTTP Request,200,,loadTest 2-425,text,true,,3142,133,1,1,,11,0,0
1532538439058,11,HTTP Request,200,,loadTest 2-426,text,true,,3142,133,1,1,,11,0,0
1532538439079,11,HTTP Request,200,,loadTest 2-427,text,true,,3142,133,1,1,,11,0,0
1532538439099,11,HTTP Request,200,,loadTest 2-428,text,true,,3142,133,1,1,,11,0,0
1532538439118,11,HTTP Request,200,,loadTest 2-429,text,true,,3142,133,1,1,,11,0,0
1532538439138,11,HTTP Request,200,,loadTest 2-430,text,true,,3142,133,1,1,,11,0,0
1532538439158,11,HTTP Request,200,,loadTest 2-431,text,true,,3142,133,1,1,,11,0,0
1532538439178,11,HTTP Request,200,,loadTest 2-432,text,true,,3142,133,1,1,,11,0,0
1532538439198,11,HTTP Request,200,,loadTest 2-433,text,true,,3142,133,1,1,,11,0,0
1532538439218,11,HTTP Request,200,,loadTest 2-434,text,true,,3142,133,1,1,,11,0,0
1532538439238,12,HTTP Request,200,,loadTest 2-435,text,true,,3142,133,1,1,,12,0,1
1532538439257,12,HTTP Request,200,,loadTest 2-436,text,true,,3142,133,1,1,,12,0,1
1532538439277,12,HTTP Request,200,,loadTest 2-437,text,true,,3142,133,1,1,,12,0,1
1532538439297,12,HTTP Request,200,,loadTest 2-438,text,true,,3142,133,1,1,,12,0,1
1532538439317,12,HTTP Request,200,,loadTest 2-439,text,true,,3142,133,1,1,,12,0,1
1532538439337,12,HTTP Request,200,,loadTest 2-440,text,true,,3142,133,1,1,,12,0,0
1532538439357,11,HTTP Request,200,,loadTest 2-441,text,true,,3142,133,1,1,,11,0,0
1532538439377,12,HTTP Request,200,,loadTest 2-442,text,true,,3142,133,1,1,,12,0,0
1532538439397,12,HTTP Request,200,,loadTest 2-443,text,true,,3142,133,1,1,,12,0,1
1532538439418,11,HTTP Request,200,,loadTest 2-444,text,true,,3142,133,1,1,,11,0,0
1532538439437,12,HTTP Request,200,,loadTest 2-445,text,true,,3142,133,1,1,,12,0,1
1532538439458,11,HTTP Request,200,,loadTest 2-446,text,true,,3142,133,1,1,,11,0,0
1532538439478,11,HTTP Request,200,,loadTest 2-447,text,true,,3142,133,1,1,,11,0,0
1532538439498,11,HTTP Request,200,,loadTest 2-448,text,true,,3142,133,1,1,,11,0,0
1532538439518,12,HTTP Request,200,,loadTest 2-449,text,true,,3142,133,1,1,,12,0,0
1532538439538,11,HTTP Request,200,,loadTest 2-450,text,true,,3142,133,1,1,,11,0,0
1532538439558,11,HTTP Request,200,,loadTest 2-451,text,true,,3142,133,1,1,,11,0,0
1532538439578,11,HTTP Request,200,,loadTest 2-452,text,true,,3142,133,1,1,,11,0,0
1532538439598,11,HTTP Request,200,,loadTest 2-453,text,true,,3142,133,1,1,,11,0,0
1532538439618,11,HTTP Request,200,,loadTest 2-454,text,true,,3142,133,1,1,,11,0,0
1532538439638,11,HTTP Request,200,,loadTest 2-455,text,true,,3142,133,1,1,,11,0,0
1532538439658,11,HTTP Request,200,,loadTest 2-456,text,true,,3142,133,1,1,,11,0,0
1532538439678,11,HTTP Request,200,,loadTest 2-457,text,true,,3142,133,1,1,,11,0,0
1532538439698,11,HTTP Request,200,,loadTest 2-458,text,true,,3142,133,1,1,,11,0,0
1532538439718,11,HTTP Request,200,,loadTest 2-459,text,true,,3142,133,1,1,,11,0,0
1532538439738,12,HTTP Request,200,,loadTest 2-460,text,true,,3142,133,1,1,,12,0,1
1532538439758,11,HTTP Request,200,,loadTest 2-461,text,true,,3142,133,1,1,,11,0,0
1532538439778,11,HTTP Request,200,,loadTest 2-462,text,true,,3142,133,1,1,,11,0,0
1532538439798,11,HTTP Request,200,,loadTest 2-463,text,true,,3142,133,1,1,,11,0,0
1532538439818,11,HTTP Request,200,,loadTest 2-464,text,true,,3142,133,1,1,,11,0,0
1532538439837,11,HTTP Request,200,,loadTest 2-465,text,true,,3142,133,1,1,,11,0,0
1532538439857,11,HTTP Request,200,,loadTest 2-466,text,true,,3142,133,1,1,,11,0,0
1532538439878,11,HTTP Request,200,,loadTest 2-467,text,true,,3142,133,1,1,,11,0,0
1532538439897,11,HTTP Request,200,,loadTest 2-468,text,true,,3142,133,1,1,,11,0,0
1532538439917,12,HTTP Request,200,,loadTest 2-469,text,true,,3142,133,1,1,,12,0,0
1532538439937,11,HTTP Request,200,,loadTest 2-470,text,true,,3142,133,1,1,,11,0,0
1532538439957,11,HTTP Request,200,,loadTest 2-471,text,true,,3142,133,1,1,,11,0,0
1532538439977,11,HTTP Request,200,,loadTest 2-472,text,true,,3142,133,1,1,,11,0,0
1532538439997,11,HTTP Request,200,,loadTest 2-473,text,true,,3142,133,1,1,,11,0,1
1532538440017,11,HTTP Request,200,,loadTest 2-474,text,true,,3142,133,1,1,,11,0,0
1532538440037,11,HTTP Request,200,,loadTest 2-475,text,true,,3142,133,1,1,,11,0,0
1532538440057,11,HTTP Request,200,,loadTest 2-476,text,true,,3142,133,1,1,,11,0,0
1532538440077,11,HTTP Request,200,,loadTest 2-477,text,true,,3142,133,1,1,,11,0,0
1532538440097,11,HTTP Request,200,,loadTest 2-478,text,true,,3142,133,1,1,,11,0,0
1532538440117,11,HTTP Request,200,,loadTest 2-479,text,true,,3142,133,1,1,,11,0,0
1532538440137,11,HTTP Request,200,,loadTest 2-480,text,true,,3142,133,1,1,,11,0,0
1532538440157,12,HTTP Request,200,,loadTest 2-481,text,true,,3142,133,1,1,,12,0,1
1532538440177,11,HTTP Request,200,,loadTest 2-482,text,true,,3142,133,1,1,,11,0,0
1532538440197,11,HTTP Request,200,,loadTest 2-483,text,true,,3142,133,1,1,,11,0,0
1532538440217,11,HTTP Request,200,,loadTest 2-484,text,true,,3142,133,1,1,,11,0,0
1532538440237,11,HTTP Request,200,,loadTest 2-485,text,true,,3142,133,1,1,,11,0,0
1532538440257,12,HTTP Request,200,,loadTest 2-486,text,true,,3142,133,1,1,,12,0,1
1532538440277,11,HTTP Request,200,,loadTest 2-487,text,true,,3142,133,1,1,,11,0,0
1532538440297,11,HTTP Request,200,,loadTest 2-488,text,true,,3142,133,1,1,,11,0,0
1532538440317,11,HTTP Request,200,,loadTest 2-489,text,true,,3142,133,1,1,,11,0,0
1532538440338,11,HTTP Request,200,,loadTest 2-490,text,true,,3142,133,1,1,,11,0,0
1532538440358,11,HTTP Request,200,,loadTest 2-491,text,true,,3142,133,1,1,,11,0,0
1532538440375,11,HTTP Request,200,,loadTest 2-492,text,true,,3142,133,1,1,,11,0,1
1532538440398,11,HTTP Request,200,,loadTest 2-493,text,true,,3142,133,1,1,,11,0,0
1532538440416,11,HTTP Request,200,,loadTest 2-494,text,true,,3142,133,1,1,,11,0,0
1532538440436,11,HTTP Request,200,,loadTest 2-495,text,true,,3142,133,1,1,,11,0,0
1532538440455,11,HTTP Request,200,,loadTest 2-496,text,true,,3142,133,1,1,,11,0,0
1532538440475,11,HTTP Request,200,,loadTest 2-497,text,true,,3142,133,1,1,,11,0,0
1532538440495,12,HTTP Request,200,,loadTest 2-498,text,true,,3142,133,1,1,,12,0,1
1532538440516,12,HTTP Request,200,,loadTest 2-499,text,true,,3142,133,1,1,,12,0,1
1532538440536,11,HTTP Request,200,,loadTest 2-500,text,true,,3142,133,1,2,,11,0,0
